"title","asin","brand","stars","reviewsCount","thumbnailImage","breadCrumbs","description","price","price/currency","price/value","url"
"HP Laptop with Wireless Buds, Intel 10-Core I5 Processor, Touch-Screen, 15.6'' HD Display, 64GB RAM, 1TB SSD, HDMI, USB-C, Intel Iris Xe Graphics, Windows 11 Pro, Lifetime MS Office","B0DRCQZS48","HP",,,"https://m.media-amazon.com/images/I/61003tPKmjL.__AC_SY300_SX300_QL70_ML2_.jpg","Electronics › Computers & Accessories › Computers & Tablets › Laptops › Traditional Laptops","Power to do what matters most. The reliable processing power of an Intel processor, plus ample storage, powerful graphics and design with recycled materials, give you the power and capacity to do more.",,"$","599","https://www.amazon.com/dp/B0DRCQZS48"
"LENOVO IdeaPad 1 Laptop, 15.6” FHD Display, Intel Celeron N4500 Processor, 20GB RAM, 1TB SSD, SD Card Reader, Numeric Keypad, HDMI, Wi-Fi 6, Windows 11 Home, 1 Year Office 365, Grey","B0CQN3FDH5","Lenovo","4.2","505","https://m.media-amazon.com/images/I/71496nJIhVL.__AC_SY300_SX300_QL70_ML2_.jpg","Electronics › Computers & Accessories › Computers & Tablets › Laptops › Traditional Laptops",,,"$","349","https://www.amazon.com/dp/B0CQN3FDH5"
"HP 15.6"" Business & Student Laptop Computer, Intel Core i3, Windows 11 Pro Laptop with Microsoft Office Lifetime License, Plusera Earphones (Intel Core i3, 32GB RAM | 1TB SSD)","B0DHYFW9QK","HP","4.3","58","https://m.media-amazon.com/images/I/61Hq-4AehGL.__AC_SY300_SX300_QL70_ML2_.jpg","Electronics › Computers & Accessories › Computers & Tablets","This laptop is equipped with the powerful Intel Core i3 processor, along with generous RAM and Storage. Enjoy effortless multitasking on its 15.6"" HD LED display with an integrated camera. This laptop is designed with additional features to cater to your specific needs. Numeric keypad. The extended battery life ensures you can stay focused for longer periods. Stay connected with ample ports for all your devices. Built to support your workflow, whether at home or on the go. Experience the enhanced security and performance of Windows 11 Pro, with fast boot times and responsive operations.",,"$","599.99","https://www.amazon.com/dp/B0DHYFW9QK"
"Apple 2024 MacBook Air 13-inch Laptop with M3 chip: Built for Apple Intelligence, 13.6-inch Liquid Retina Display, 16GB Unified Memory, 256GB SSD Storage, Backlit Keyboard, Touch ID; Midnight","B0DLHY19N3","Apple","4.6","674","https://m.media-amazon.com/images/I/71x9JI-Il0L.__AC_SY445_SX342_QL70_ML2_.jpg","",,,"$","899","https://www.amazon.com/dp/B0DLHY19N3"
"Laptop, 15.6 Inch Notebook, 8GB DDR4 256GB SSD Laptops, Expandable 1TB, Celeron Quad Core Processor (up to 2.5 GHz), UHD Graphics 600, 5GWiFi, Type-C, Mini HDMI, USB3.0","B0D9HVRVFG","SGIN","5","1","https://m.media-amazon.com/images/I/61W6o1VKBxL.__AC_SY300_SX300_QL70_ML2_.jpg","Electronics › Computers & Accessories › Computers & Tablets › Laptops › Traditional Laptops","15 inch laptop",,"$","139.99","https://www.amazon.com/dp/B0D9HVRVFG"
"HP 14"" LED Business Laptop Computer, 16GB RAM 320GB Storage (64GB eMMC+256GB SD Card), Intel Quad-Core N4120, Windows 11 S Laptop with 1-Year Microsoft Office 365, PLUSERA Earphones, White","B0DH6TBYGP","HP","4","104","https://m.media-amazon.com/images/I/610HOmobmnL.__AC_SY300_SX300_QL70_ML2_.jpg","Electronics › Computers & Accessories › Computers & Tablets","This laptop is equipped with the powerful Intel Celeron N4120 processor, along with generous RAM and Storage. Enjoy effortless multitasking on its 14"" HD LED display with an integrated camera. This laptop is designed with additional features to cater to your specific needs. The extended battery life ensures you can stay focused for longer periods. Stay connected with ample ports for all your devices. Built to support your workflow, whether at home or on the go. Experience the enhanced security and performance of Windows 11 S, with fast boot times and responsive operations.",,"$","272.99","https://www.amazon.com/dp/B0DH6TBYGP"
"HP Ultralight 14 inch Laptop with Intel 4-Core Processor, Microsoft 365 and Wireless Earbuds, 16GB RAM, 512GB External Drive & 128GB Emmc & 1TB Cloud Storage, HD Display, Rose Gold, Windows 11","B0DM2JK9Y3","HP","5","12","https://m.media-amazon.com/images/I/81yG4KTmOpL.__AC_SX300_SY300_QL70_ML2_.jpg","Electronics › Computers & Accessories › Computers & Tablets","||Memory: 16GB-32GB DDR4-2400 MHz RAM. Adequate high-bandwidth RAM to smoothly run multiple applications and browser tabs all at once. ||Internal storage: 128 GB eMMC+ 512GB External Drive. An embedded multimedia card provides reliable flash-based storage. ||Graphics: Intel UHD Graphics 600. Smoothly stream content and play your favorite games. ||Battery life: Up to 11 hours and 30 minutes (video playback); Up to 9 hours (wireless streaming) ||Wireless: 802.11a/b/g/n/ac (2x2)(19a) Wi-Fi and Bluetooth combo. Stay connected to Wi-Fi and to Bluetooth accessories with wireless technology. ||Camera: HP True Vision 720p HD camera with integrated dual array digital microphones. Video chat with vibrant clarity, even in low light. ||HP Fast Charge. Go from 0 to 50% charge in approximately 45 minutes. ||Dual array microphones. With two microphones and advanced noise reduction software, you'll always sound crystal clear when you video chat or record. ||Energy efficiency your way. Do the environment—and your wallet—a favor when you use the HP Stream Laptop that meets strict energy-efficiency and helps reduce your carbon footprint. ||Microsoft 365 - One Year Subscription Included. Make the most out of your 365: Bring your ideas to life. Your creativity now gets a boost with Microsoft 365. Office - Word, Excel, and Power Point - now includes smart assistance features that help make your writing more readable, your data clearer and your presentations more visually powerful. One year subscription included.",,"$","399.99","https://www.amazon.com/dp/B0DM2JK9Y3"
"Acer Aspire 3 A315-24P-R7VH Slim Laptop | 15.6"" Full HD IPS Display | AMD Ryzen 3 7320U Quad-Core Processor | AMD Radeon Graphics | 8GB LPDDR5 | 128GB NVMe SSD | Wi-Fi 6 | Windows 11 Home in S Mode","B0BS4BP8FB","acer","4.2","2962","https://m.media-amazon.com/images/I/61gKkYQn6lL.__AC_SY300_SX300_QL70_ML2_.jpg","Electronics › Computers & Accessories › Computers & Tablets › Laptops › Traditional Laptops","Choose the ready-to-go Aspire 3 with the latest Ryzen™ 7000 Series Processors made for practical multitasking and productivity. With ease-of-use at its core, this family-friendly laptop is ready when you are. This Aspire 3 can tackle any job no matter how complex. Creativity soars to new heights with sharp, crisp visuals showcased on the 15.6"" Full HD IPS screen, while the thin bezel provides you with more space to work with wherever inspiration strikes. It’s the perfect companion to take with you wherever you go With Windows 11 Home in S mode, you’ll experience fast start-ups, a familiar yet expanded Start menu, and great new ways to get stuff done. And with automatic updates enabled, you get all the latest features and security hassle-free. Work, play and share all in one device (NX.KJBAA.001).",,"$","315","https://www.amazon.com/dp/B0BS4BP8FB"
"acer 2024 Chromebook, 15"" HD IPS ComfyView Screen, Intel Celeron N Processor Up to 2.70GHz, 4GB LPDDR4, 64GB eMMC, Intel UHD Graphics, 6th Gen WiFi, Webcam, Chrome OS, Dove Gray(Renewed)","B0CNKX4T3Q","acer","4.4","289","https://m.media-amazon.com/images/I/51EecQP9FxL.__AC_SY300_SX300_QL70_ML2_.jpg","Electronics › Computers & Accessories › Computers & Tablets › Laptops › Traditional Laptops","acer 2024 Chromebook, 15"" HD IPS ComfyView Screen, Intel Celeron N Processor Up to 2.70GHz, 4GB LPDDR4, 64GB eMMC, Intel UHD Graphics, 6th Gen WiFi, Webcam, Chrome OS, Dove Gray(Renewed)",,"$","139.99","https://www.amazon.com/dp/B0CNKX4T3Q"
"HP Chromebook Laptop • 14 Inch Display • Intel Celeron N4120 Processor • 8GB RAM • 128GB eMMC • Intel UHD Graphics 600 • WiFi • Bluetooth • Backlit Keyboard • Chrome OS • Modern Gray","B0C7MR5RDH","HP","4.2","518","https://m.media-amazon.com/images/I/51PsNbMd-CL.__AC_SY300_SX300_QL70_ML2_.jpg","Electronics › Computers & Accessories › Computers & Tablets › Laptops › Traditional Laptops","Statement:Original Seal is opened for upgrade ONLY. If the computer has modifications, then the manufacturer box is opened for it to be tested & inspected & to install the upgrades to achieve the specifications as advertisedBrand: HPProcessor Model: Intel Celeron N4120 ProcessorProcessor Cores: 4-coreOperating System: Chrome OSGPU: Intel UHD Graphics 600Display Type: LEDGraphics Type: IntegratedScreen Size: 14 InchScreen Resolution: 1366 X 768System Memory (RAM): Up to 4 gigabytesType of Mem",,"$","167.9","https://www.amazon.com/dp/B0C7MR5RDH"
"HP 255-G10 Business Laptop Computer - w/Microsoft Office Lifetime & Free CD/DVD Drive - 15.6"" Full HD - Ryzen 3 7330U (Beat Intel i5-1135G7) - Wi-Fi 6 -Win 11 Pro w/Laptop Bundle (32GB RAM | 1TB SSD)","B0DPGL6ZCG","HP","4.4","778","https://m.media-amazon.com/images/I/71qOZsJby0L.__AC_SX300_SY300_QL70_ML2_.jpg","Electronics › Computers & Accessories › Computers & Tablets › Laptops › Traditional Laptops","Statement:Original Seal is opened for upgrade ONLY. If the computer has modifications, then the manufacturer box is opened for it to be tested and inspected and to install the upgrades to achieve the specifications as advertised.Operating System: Windows 11 ProProcessor: AMD Ryzen 3-7330U (2.3 GHz base clock, up to 4.3 GHz boost clock, 8 MB L3 cache, 4 cores, 8 threads)Chipset: Integrated with the processorMemory: DDR4 SODIMM slots, runs at 3200 MT/s, supports dual-channel memoryMaximum Memory: Up to 64 GBGraphics: AMD Radeon GraphicsDisplay: 15.6"" FHD (1920 x 1080), eDP 1.2, IPS, antiglare, SVA, micro-edge, 250 nits, 45% NTSCMaximum Storage: (Preinstalled) Up to 2TB M.2 SSDWireless LAN (WLAN): Realtek 8852BE-VS (1x1) Wi-Fi 6 and Bluetooth 5.3 WLAN Wireless CardNative Miracast Support: YesPorts:- SuperSpeed USB 3.2 Gen 1 Type-C (data transfer only)- AC power input port- HDMI v1.4b port (cable sold separately)- Headphone/microphone combo jackAudio: Integrated microphoneCamera: 720p HD Camera with Temporal Noise ReductionKeyboard: Full-size, textured, island-stylePointing Device: Touchpad with multitouch gesture supportFunction Keys:- ESC: System information- F1: Open ""How to get help in Windows 11"" webpage- F2/F3: Brightness down/up- F4: Display switching- F6/F7/F8: Mute, Volume down/up- F9/F10/F11: Previous, Play/Pause, NextWeight: Starting at 1.52 kg (3.3 lb)Dimensions: (W x D x H)36 x 23.6 x 1.86 cm (14.17 x 9.29 x 0.73 in)",,"$","599.99","https://www.amazon.com/dp/B0DPGL6ZCG"
"ApoloSign 15.6"" Full HD Laptop, 12GB RAM, 512GB SSD, Expandable to 1TB, Intel N5095 Processor, Dual-Band WiFi, 178° Viewing Angle, Dual Speakers-Gray","B0D984B43J","ApoloSign","5","8","https://m.media-amazon.com/images/I/71yFp1LYUGL.__AC_SX300_SY300_QL70_ML2_.jpg","Electronics › Computers & Accessories › Computers & Tablets › Laptops › Traditional Laptops",,,"$","289.99","https://www.amazon.com/dp/B0D984B43J"
"HP 15.6"" Touchscreen Business & Student Laptop Computer, 64GB RAM 2TB SSD, 10-Cores Intel Core i5, Windows 11 Pro Laptop with Microsoft Office Lifetime Suite, PLUSERA Earphones, Silver","B0DRW64MLF","HP","4.7","7","https://m.media-amazon.com/images/I/71xAJBTZcWL.__AC_SY300_SX300_QL70_ML2_.jpg","Electronics › Computers & Accessories › Computers & Tablets","This laptop is equipped with the powerful Intel Core i5 processor, along with generous RAM and Storage. Enjoy effortless multitasking on its 15.6"" HD touchscreen LED display with an integrated camera. This laptop is designed with additional features to cater to your specific needs. Numeric keypad. Camera privacy shutter. The extended battery life ensures you can stay focused for longer periods. Stay connected with ample ports for all your devices. Built to support your workflow, whether at home or on the go. Experience the enhanced security and performance of Windows 11 Pro, with fast boot times and responsive operations.",,"$","799.99","https://www.amazon.com/dp/B0DRW64MLF"
"HP 15.6"" FHD Business & Student Laptop Computer, 32GB RAM 1TB SSD, 8-Cores Intel Core i3, Windows 11 Pro Laptop with Microsoft Office Lifetime Suite, Fingerprint Reader, PLUSERA Earphones, Silver","B0DPJF5F53","HP","4.8","7","https://m.media-amazon.com/images/I/61NCDSuPvgL.__AC_SY300_SX300_QL70_ML2_.jpg","Electronics › Computers & Accessories › Computers & Tablets","This laptop is equipped with the powerful Intel Core i3 processor, along with generous RAM and Storage. Enjoy effortless multitasking on its 15.6"" FHD IPS LED display with an integrated camera. This laptop is designed with additional features to cater to your specific needs. Fingerprint reader. Numeric keypad. Camera privacy shutter. The extended battery life ensures you can stay focused for longer periods. Stay connected with ample ports for all your devices. Built to support your workflow, whether at home or on the go. Experience the enhanced security and performance of Windows 11 Pro, with fast boot times and responsive operations.",,"$","599.99","https://www.amazon.com/dp/B0DPJF5F53"
"HP 15.6"" FHD Business & Student Laptop Computer, 64GB RAM 2TB SSD, 10-Core Intel Core i5, Windows 11 Pro Laptop with Microsoft Office Lifetime Suite, PLUSERA Earphones, Silver","B0DQ9FVMKD","HP","5","1","https://m.media-amazon.com/images/I/71nh46fzDYL.__AC_SY300_SX300_QL70_ML2_.jpg","Electronics › Computers & Accessories › Computers & Tablets","This laptop is equipped with the powerful Intel Core i5 processor, along with generous RAM and Storage. Enjoy effortless multitasking on its 15.6"" FHD IPS LED display with an integrated camera. This laptop is designed with additional features to cater to your specific needs. Numeric keypad. Camera privacy shutter. The extended battery life ensures you can stay focused for longer periods. Stay connected with ample ports for all your devices. Built to support your workflow, whether at home or on the go. Experience the enhanced security and performance of Windows 11 Pro, with fast boot times and responsive operations.",,"$","799.99","https://www.amazon.com/dp/B0DQ9FVMKD"
"Lenovo IdeaPad 1i Laptop, 15.6"" FHD Laptop Computer, Windows 11 Pro Laptop 40GB RAM 1TB SSD, Intel Core i5-1235U Processor, 1-Year Microsoft Office 365, Numeric Keypad, NLY Earphones, Abyss Blue","B0DPRD66Y7","Lenovo",,,"https://m.media-amazon.com/images/I/71+dRG+70dL._AC_SX300_SY300_.jpg","Electronics › Computers & Accessories › Computers & Tablets","This laptop packs in the reliable processing power of Intel Core i5-1235U processor, plus ample RAM and Storage. Chat with ease knowing you have a 15.6"" FHD display with a camera. This laptop offers additional features tailored to meet your needs. Numeric keypad. Camera privacy shutter. The long-lasting battery life helps you stay in the zone longer. Stay in your flow with plenty of ports to connect your devices. This PC is built to keep you in your flow, wherever that might be. Windows 11 Pro is the most secure Windows ever built, with fast boot times and increased responsiveness.",,"$","599.99","https://www.amazon.com/dp/B0DPRD66Y7"
"HP 14"" Ultral Light Laptop for Students and Business, Intel Quad-Core, 8GB RAM, 192GB Storage(64GB eMMC+128GB Ghost Manta SD Card), 1 Year Office 365, USB C, Win 11 S","B0B2D77YB8","HP","4.1","2089","https://m.media-amazon.com/images/I/81divYKpeTL.__AC_SY300_SX300_QL70_ML2_.jpg","Electronics › Computers & Accessories › Computers & Tablets › Laptops › Traditional Laptops","Switching out of S mode in Windows 11 Windows 11 in S mode is designed for security and performance, exclusively running apps from the Microsoft Store. If you want to install an app that isn't available in the Microsoft Store, you'll need to switch out of S mode 1. On your PC running Windows 11 in S mode, open Settings > System > Activation. 2. In the Switch to Windows 11 Pro section, select Go to the Store. (If you also see an ""Upgrade your edition of Windows"" section, be careful not to click the ""Go to the Store"" link that appears there.) 3. On the Switch out of S mode (or similar) page that appears in the Microsoft Store, select the Get button. After you see a confirmation message on the page, you'll be able to install apps from outside of the Microsoft Store. HP 14 inch Laptop for Business and Student: Sleek design: Easily take this thin and light PC from room to room or on the road Dual array microphones: With two microphones and advanced noise reduction software, you'll always sound crystal clear when you video chat or record Display: 14.0-inch diagonal, HD (1366 x 768), micro-edge, BrightView Processor: Intel Celeron N4120, 4 Cores & 4 Threads Memory:Upgraded to 8GB DDR4 Storage: 64GB eMMC+128GB Micro SD Graphics: Intel UHD Graphics 600 Operating System: Windows 11 Home in S mode HP Fast Charge: Go from 0 to 50% charge in approximately 45 minutes Battery Life: Up to 11 hours and 30 minutes (video playback); Up to 9 hours (wireless streaming) Webcam: HP True Vision 720p HD camera with integrated dual array digital microphones Connectivity: 802.11a/b/g/n/ac (2x2)(19a) Wi-Fi and Bluetooth combo Dimensions: 12.76 x 8.86 x 0.71 inches Weight: 3.24 lbs",,"$","212","https://www.amazon.com/dp/B0B2D77YB8"
"HP 17.3-inch Flagship Touchscreen Laptop - Win 11 Pro • AI-Powered Microsoft Office Lifetime • AMD R5-7530U • 17.3"" HD+ BrightView Display • Wi-Fi w/Laptop Computer Accessories (16G RAM, 1TB SSD)","B0DNST4C8B","HP","4.9","15","https://m.media-amazon.com/images/I/71PPTWJRSpL.__AC_SX300_SY300_QL70_ML2_.jpg","Electronics › Computers & Accessories › Computers & Tablets › Laptops › Traditional Laptops","Statement:Original Seal is opened for upgrade ONLY. If the computer has modifications, then the manufacturer box is opened for it to be tested and inspected and to install the upgrades to achieve the specifications as advertised.Manufacturer: HPProduct Name: HP 17 NotebookProduct Color: Natural SilverProcessor & ChipsetProcessor Manufacturer: AMDProcessor Model: AMD Ryzen 5 7530U (2.0 GHz base frequency, up to 4.5 GHz burst frequency, 16 MB cache, 6 cores)Processor Speed: 2.0 GHzProcessor Core: Hexa-core (6 Cores)MemoryStandard Memory: Up to 64 GBMemory Technology: DDR4-3200 SDRAMNo. of Occupied Memory Slots: 2StorageHard Drive Capacity: up to 2 TB SSDOptical Drive: free External Optical DriveDisplayScreen Size: 17.3""Screen Type: HD+ BrightView 250 nits Touchscreen DisplayResolution: 1600 x 900Touch Screen: YesGraphicsGraphics Manufacturer: AMDGraphics Model: AMD Radeon GraphicsGraphics Type: IntegratedAudioNumber of Built-in-Speakers: 2Built-in-microphone: YesAudio Features: HD Audio with Integrated Stereo SpeakersDual-array Digital MicrophonesHeadphone/Microphone Combo JackNetwork & CommunicationWireless LAN: YesWireless Connectivity: 802.11ac (2x2) Wi-FiNetwork Interface: NoneBluetooth: YesEthernet: NoneBuilt-in DevicesFront Camera/ Webcam: YesFinger Print Reader: NoneKeyboard & MouseKeyboard: Full-size soft grey English Keyboard with numeric keypadPointing Device: HP Imagepad with multi-touch gesture supportBacklit: NonePorts & ConnectorsHDMI Ports: 1AC Smart Pin: 1Headphone/Microphone-in Combo Jack: 1USB 3.1 Gen 1 Type-A: 2USB 3.1 Gen 1 Type-C: 1Expansion Slots: NoneSoftwareOperating System Platform: WindowsOperating System: Windows 11 ProDimensions & WeightsUnit Dimensions (W""x D""x H""): 15.78 x 10.15 x 0.81""Weight: 4.82 LbsWhat's IncludedPackage Contents:1x HP 17.3"" HD+ (Touchscreen) Notebook1x AC Adapter1x wireless mouse1x cleaning kit",,"$","759.99","https://www.amazon.com/dp/B0DNST4C8B"
"Lenovo 15.6"" FHD IdeaPad Business Laptop Computer, 40GB RAM 1TB SSD, Intel Core i5, Windows 11 Pro Laptop with Microsoft Office Lifetime Suite, Numeric Keypad, PLUSERA Earphones, Blue","B0DNTYK229","Lenovo","3.8","24","https://m.media-amazon.com/images/I/61LNgH-kihL.__AC_SY300_SX300_QL70_ML2_.jpg","Electronics › Computers & Accessories › Computers & Tablets","This laptop is equipped with the powerful Intel Core i5 processor, along with generous RAM and Storage. Enjoy effortless multitasking on its 15.6"" FHD display with an integrated camera. This laptop is designed with additional features to cater to your specific needs. Numeric keypad. Camera privacy shutter. The extended battery life ensures you can stay focused for longer periods. Stay connected with ample ports for all your devices. Built to support your workflow, whether at home or on the go. Experience the enhanced security and performance of Windows 11 Pro, with fast boot times and responsive operations.",,"$","629.99","https://www.amazon.com/dp/B0DNTYK229"
"HP 14 Laptop, Intel Celeron N4020, 4 GB RAM, 64 GB Storage, 14-inch Micro-edge HD Display, Windows 11 Home, Thin & Portable, 4K Graphics, One Year of Microsoft 365 (14-dq0040nr, Snowflake White)","B0947BJ67M","HP","4","2065","https://m.media-amazon.com/images/I/815uX7wkOZS.__AC_SX300_SY300_QL70_ML2_.jpg","Electronics › Computers & Accessories › Computers & Tablets › Laptops › Traditional Laptops","The Snowflake White HP 14 Laptop is designed to keep you productive and entertained from anywhere. Maximize your viewing area and see every detail thanks to 6.5 mm micro-edge bezel display, 79% screen-to-body ratio, and 14-inch HD (1366 x 768) display (1) (2). Performance, power consumption, and value come together in the Intel® Celeron® N4020, the ideal processor for your busiest days (3). Enjoy the highest resolution games and movies with the 4K-ready Intel® UHD Graphics 600 (4) (5). Store more of what you love and multitask faster, even with multiple windows open, with this HP laptop’s 64 GB of eMMC storage and 4 GB of RAM (6). Up your creativity and efficiency as this HP 14-inch laptop offers even more features for computing from anywhere. Spend more time focused on your daily tasks and less on the battery life with up to 11 hours and 30 minutes of power (7). Plus, HP Fast Charge keeps you powered especially if you need recharge quickly (8). The exceedingly secure Windows 10 Home in S mode outfits your PC laptop with fast boot times, increased responsiveness, and added protection against phishing and malware (9). Work confidently with 1-year limited hardware warranty and stay connected with the dependable Wi-Fi 5 (1x1) and Bluetooth® 4.2 combo (10) (11). Boost your creativity as your Windows laptop comes with a 1-year subscription to Microsoft 365, including the whole Office Suite: Word, Excel, and PowerPoint (12). Productivity and entertainment features aren’t the only things your device is equipped with; lead a sustainable lifestyle with a thin laptop that is ENERGY STAR® certified and EPEAT® Silver registered (13) (14). (1) Percent of the active plus inactive viewing area to active viewing area plus border. Measure with lid vertical to the desk. (2) High-definition (HD) content is required to view high-definition images. (3) Multi-core is designed to improve the performance of certain software products. Not all customers or software applications will necessarily benefit from the use of this technology. Performance and clock frequency will vary depending on application workload and your hardware and software configurations. Intel’s numbering, branding, and/or naming is not a measurement of higher performance. Intel, Pentium, Intel Core, Celeron, Iris Xe, Intel logo, and the Intel Inside logo are trademarks of Intel Corporation in the U.S. and other countries. (4) Wireless access point and internet service required and sold separately. The availability of public wireless access points is limited. (5) Graphics output may be limited based on the maximum resolution of the display. Shared video memory (UMA) uses part of the total system memory for video performance. System memory dedicated to video performance is not available for other use by other programs. (6) For storage drives, GB = 1 billion bytes. The actual formatted capacity is less. Up to 5.1GB of disk is reserved for system recovery software. (7) Battery life tested by HP using continuous FHD video playback, 1080p (1920x1080) resolution, 150 nits brightness, system audio level at 17%, player audio level at 100%, played full-screen from local storage, headphone attached, wireless on but not connected. Actual battery life will vary depending on configuration and maximum capacity will naturally decrease with time and usage. (8) Features may require software or other 3rd party applications to provide the described functionality. Internet service required and not included. (9) Not all features are available in all editions or versions of Windows. Systems may require upgraded and/or separately purchased hardware, drivers, software, or BIOS update to take full advantage of Windows functionality. Windows 10 is automatically updated, which is always enabled. ISP fees may apply and additional requirements may apply over time for updates.Windows 10 Home (S mode) works exclusively with apps from the Microsoft Store within Windows. Certain default settings, features, and apps cannot be changed. Some accessories and apps compatible with Windows 10 may not work (including some antivirus, PDF Writers, driver utilities, and accessibility apps) and performance may vary, even if you switch to Windows 10 Home configuration (fee may apply). You can’t switch back to Windows 10 Home (S mode).(10) Wireless access point and internet service required and sold separately. The availability of public wireless access points is limited. Wi-Fi 5 (802.11ac) is backward compatible with prior Wi-Fi 5 specs. (11) Bluetooth® is a trademark owned by its proprietor and used by Hewlett-Packard Company under license. (12) Microsoft 365 Personal 1-year subscription included. Activation is required within 6-months of the Windows activation date. Microsoft 365 Family and Microsoft 365 Personal have non-commercial rights and are meant for personal use only. See microsoft.com for full details. (13) ENERGY STAR and the ENERGY STAR mark are registered trademarks owned by the U.S. Environmental Protection Agency. (14) Based on U.S. EPEAT® registration according to IEEE 1680.1-2018 EPEAT®. EPEAT® status varies by country.",,"$","176.99","https://www.amazon.com/dp/B0947BJ67M"
"HP 255 G10 15.6"" FHD Business Laptop, Ryzen 3 7330U, 64GB RAM, 1TB PCIe SSD, Numeric Keypad, Webcam, Wi-Fi 6, HDMI, Windows 11 Pro, Black","B0DMVPJT3J","HP","4.2","264","https://m.media-amazon.com/images/I/71ngUqTRRzL.__AC_SX300_SY300_QL70_ML2_.jpg","Electronics › Computers & Accessories › Computers & Tablets › Laptops › Traditional Laptops","Key Features and Benefits: CPU:AMD Ryzen 7 7730U (8 Cores, 16 Threads, 16MB L3 Cache, 2.0GHz base frequency, up to 4.50GHz max turbo frequency) Memory: Up to 64GB RAM Hard Drive: Up to 4TB PCIe M.2 Solid State Drive Operating System: Windows 11 Pro Graphics:AMD Radeon Graphics Display: 15.6"" diagonal, FHD (1920 x 1080), IPS, Anti-glare, Micro-edge, 250 nits, 45% NTSC Ports: 2 x Superspeed USB Type-A 1 x Superspeed USB Type-C 1 x HDMI 1 x Headphone/Microphone Combo Optical Drive: None Media Drive: None Audio and Speakers: Stereo Speakers Webcam: Yes Wireless Connectivity: Wi-Fi 6 and Bluetooth Dimensions: 14.17"" x 9.29"" x 0.73"" Weight: 3.3 lbs Color: Black",,"$","499.99","https://www.amazon.com/dp/B0DMVPJT3J"
"ASUS Vivobook 17.3'' FHD Business Laptop, 12th Gen Intel Core i3-1215U, 36GB RAM, 2TB SSD, HDMI, Webcam, Wi-Fi, Windows 11 Pro, Blue, Bundle with Thunderobot ML101 Purple Wireless Mouse","B0DFRC91HW","ASUS","4.2","8","https://m.media-amazon.com/images/I/61+X3ETLPGL._AC_SY300_SX300_.jpg","Electronics › Computers & Accessories › Computers & Tablets",,,"$","629.1","https://www.amazon.com/dp/B0DFRC91HW"
"Lenovo V15 Gen 4 15.6"" FHD Business Laptop, Intel Core i5-13420H, Intel UHD Graphics, 24B RAM, 1TB SSD, HDMI, RJ45, Webcam, Numeric Keypad, Wi-Fi, Windows 11 Pro, Black","B0DCX273F3","Lenovo","4.6","3","https://m.media-amazon.com/images/I/71SprNAdmSL.__AC_SX300_SY300_QL70_ML2_.jpg","Electronics › Computers & Accessories › Computers & Tablets › Laptops › Traditional Laptops","Key Features and Benefits:CPU:Intel Core i5-13420H Processor (8 Cores, 12 Threads, 12MB Intel Smart Cache, Base at 1.5 GHz, Up to 4.6 GHz Max Turbo Frequency)Memory: Up to 24GB DDR4 RAMHard Drive: Up to 2TB SSD Operating System:Windows 11 ProGraphics: Intel UHD GraphicsDisplay:15.6"" FHD (1920 x 1080) DisplayPorts:1 x USB 3.0 Type-A1 x USB 2.0 Type-A1 x USB Type-C1 x HDMI1 x Ethernet (RJ-45)1 x Headphone/Microphone ComboWebcam:YesWireless Connectivity:Wi-Fi and BluetoothLength: ‎14.13 inchWidth: 0.78 inchHeight: 9.29 inchWeight:  3.59 lbsColor:Black",,"$","544.99","https://www.amazon.com/dp/B0DCX273F3"
"ASUS Lightweight 15.5"" Full HD Laptop, Windows 11 Home OS, Intel Celeron Processor Up to 2.76GHz, 4GB LPDDR4, 128GB SSD, Backlit Keyboard, Dark Gray (Renewed)","B0D6PHQVSV","ASUS","4","150","https://m.media-amazon.com/images/I/81iWt-wCcpL.__AC_SY300_SX300_QL70_ML2_.jpg","Electronics › Computers & Accessories › Computers & Tablets › Laptops › Traditional Laptops","This refurbished product has been professionally inspected and tested to work and look like new under the Amazon Renewed Program. If you are not satisfied with the purchase, renewed products are eligible for replacement or refund under the Amazon Renewed Guarantee.ASUS Lightweight 15.5"" Full HD Laptop, Windows 11 Home OS, Intel Celeron Processor Up to 2.76GHz, 4GB LPDDR4, 128GB SSD, Backlit Keyboard, Dark Gray, Refurbished",,"$","162.99","https://www.amazon.com/dp/B0D6PHQVSV"
"HP 17.3"" Touchscreen Laptop, 8-Cores Intel Core i3-N305, 16GB RAM, 128GB eMMC + 1TB SSD, Numeric Keypad, Webcam, HDMI, Wi-Fi 6, Windows 11 Home, Silver","B0DP5F64SQ","HP","4.3","79","https://m.media-amazon.com/images/I/71aHeA5XVsL.__AC_SX300_SY300_QL70_ML2_.jpg","Electronics › Computers & Accessories › Computers & Tablets › Laptops › Traditional Laptops",,,"$","539.1","https://www.amazon.com/dp/B0DP5F64SQ"
"Lenovo Essential IdeaPad • 36GB RAM • 1.5TB Storage(512GB SSD and 1TB Cloud Storage) • 15.6"" Full HD • Intel 4-core • Free 1 Year Office 365 • Intel 4-core • Wi-Fi 6 • Type-C • Windows 11 Home","B0DCL89JW5","Lenovo","4.2","59","https://m.media-amazon.com/images/I/71yaP7euNAL.__AC_SX300_SY300_QL70_ML2_.jpg","Electronics › Computers & Accessories › Computers & Tablets › Laptops › Traditional Laptops","Brand: Lenovo Processor Model: Intel Pentium Sliver N6000 Processor Cores: 4-core (quad-core) Operating System: Windows 11 S GPU: Intel UHD Graphics Graphics Type: Integrated Screen Size: 15.6 Inch Screen Resolution: 1920x1080 (Full HD) System Memory (RAM): 20GB Type of Memory (RAM): DDR4 Total Storage Capacity: 128GB eMMC+1TB SSD Dimensions LxWxH (inches): 14.17x9.29x0.7inches Product Weight: 5.6 pounds Number of HDMI 2.0 Outputs 1 Number of USB 3.0 Type A Ports 2 Number of USB 3.0 Type C Ports: 1 Wireless Networking: Wi-Fi 6 (2x2/160) Gig Wireless Connectivity: Bluetooth 5.0 Touchscreen: NO Front-Facing Camera: Yes Built-In Microphone: Yes",,"$","449.99","https://www.amazon.com/dp/B0DCL89JW5"
"HP Flagship 14"" HD Laptop with 1 Year Office 365 | 16GB RAM | 1.22TB Storage(64GB EMMC & 160GB Docking Station Set & 1TB Cloud Storage) | Intel 4-Core Processor | Webcam | Win 11s | White","B0DHXL7N1T","HP","4.2","80","https://m.media-amazon.com/images/I/81gJcS1hkbL.__AC_SX300_SY300_QL70_ML2_.jpg","Electronics › Computers & Accessories › Computers & Tablets › Laptops › Traditional Laptops","HP Flagship 14"" HD Laptop with Free 1 Year office 365",,"$","279","https://www.amazon.com/dp/B0DHXL7N1T"
"McAfee AntiVirus 2025 Ready | Real-Time PC Protection from New and Evolving Threats | Download","B0BB2N2YQ9","McAfee","4.1","820","https://m.media-amazon.com/images/I/51hmYT1gb4L.__AC_SY445_SX342_QL70_ML2_.jpg","Software › Antivirus & Security › Antivirus","With McAfee AntiVirus you get award-winning antivirus protection that safeguards your device from the latest threats including viruses, malware, ransomware, and spyware. Enjoy safe browsing with real-time threat detection and a powerful firewall to block malicious websites and unauthorized access. McAfee AntiVirus provides device security that keeps your personal information and online activities protected.",,"$","9.88","https://www.amazon.com/dp/B0BB2N2YQ9"
"MacBook Air For Beginners & Seniors: The Ultimate Guide to Maximizing Performance, Productivity, and Creativity on Your M3-Powered Device","B0DFTTDDYQ",,"3.8","6","https://m.media-amazon.com/images/I/411I9KKEl4L._SX342_SY445_.jpg","Books › Computers & Technology › Operating Systems",,,"$","14.55","https://www.amazon.com/dp/B0DFTTDDYQ"
"Dell Inspiron Touchscreen Laptop, 15.6"" Business & Student Laptop Computer, Windows 11 Pro Laptop 32GB RAM 1TB SSD, Intel i5-1155G7 Processor, Full HD IPS Display, Numeric Keypad, HDMI, Carbon Black","B0CTPCTW66","Dell","4.1","126","https://m.media-amazon.com/images/I/61Wc1fDGJuL.__AC_SY300_SX300_QL70_ML2_.jpg","Electronics › Computers & Accessories › Computers & Tablets › Laptops › Traditional Laptops","This portable laptop is a thoughtful design and has all the essential features to keep you connected throughout the day. Windows 11 Pro experienced the most secure Windows ever built with fast boot times, and increased responsiveness. 15.6"" Full HD touchscreen for hands-on control and the 1920 x 1080 resolution boasts impressive color and clarity. IPS technology for wide viewing angles.",,"$","501.97","https://www.amazon.com/dp/B0CTPCTW66"
"HP Stream 14"" HD BrightView Laptop, Intel Celeron N4120, 16GB RAM, 288GB Storage (128GB eMMC + 160GB Docking Station Set), Intel UHD Graphics, 720p Webcam, Wi-Fi, 1 Year Office 365, Win 11 S, Gold","B0CZL2SLCJ","HP","4.3","2182","https://m.media-amazon.com/images/I/61QuxlKVZbL.__AC_SX300_SY300_QL70_ML2_.jpg","Electronics › Computers & Accessories › Computers & Tablets › Laptops › Traditional Laptops","HP Stream 14"" HD BrightView Laptop, Intel Celeron N4120",,"$","309","https://www.amazon.com/dp/B0CZL2SLCJ"
"2.4GHz Wireless Mouse Cute Hamster Shape Less Noice Portable Mobile Optical 1200DPI USB Mice Cordless Mouse for PC Laptop Computer Notebook MacBook Kids Girl Men Women Mom Dad Gift (Blue)","B084WYZFZC","SHARE SUNSHINE","4.2","3906","https://m.media-amazon.com/images/I/51BT42IUJRL.__AC_SX300_SY300_QL70_ML2_.jpg","Video Games › PC › Accessories › Gaming Mice",,,"$","16.47","https://www.amazon.com/dp/B084WYZFZC"
"RGB Gaming Mouse Wired, USB Optical Computer Mice with RGB Backlit, 6 Adjustable DPI Up to 6400, Ergonomic Gamer Laptop PC Mouse with 7 Programmable Buttons for Windows Vista Linux (Pink)","B09FJ662L9","SIMGAL","4.7","540","https://m.media-amazon.com/images/I/51CKatQo+JL._AC_SY300_SX300_.jpg","Video Games › PC › Accessories › Gaming Mice",,,"$","19.99","https://www.amazon.com/dp/B09FJ662L9"
"Taygeer 17 inch Laptop Bag, Laptop Briefcase Business Office Bag for Men Women, Water-Repellent Computer Shoulder Messenger Bag with Organizer Fits 15.6 17 Inch Notebook/Laptop, Black","B07RS39P1L","Taygeer","4.6","10819","https://m.media-amazon.com/images/I/71jIgs6ArHL.__AC_SY300_SX300_QL70_ML2_.jpg","Electronics › Computers & Accessories › Laptop Accessories › Bags, Cases & Sleeves › Messenger & Shoulder Bags",,,"$","35.99","https://www.amazon.com/dp/B07RS39P1L"
"LOVEVOOK Laptop Backpack for Women, 17.3 Inch Laptop Bag with USB Port Fashion Waterproof Backpacks Teacher Nurse Stylish Travel Bags Vintage Daypacks Bookbag for College School Work","B0B92S4F88","LOVEVOOK","4.7","2709","https://m.media-amazon.com/images/I/71DFR5MEEwL.__AC_SX300_SY300_QL70_ML2_.jpg","Electronics › Computers & Accessories › Laptop Accessories › Bags, Cases & Sleeves › Backpacks",,,"$","36.78","https://www.amazon.com/dp/B0B92S4F88"
"JOYACCESS 2.4G Slim Wireless Silent Mouse, Portable Wireless Computer Mouse with 5 Adjustable DPI Levels, USB Mouse for Desktop, Notebook, MacBook, Chromebook, PC (Green)","B0BVVTJFRH","JOYACCESS","4.4","3710","https://m.media-amazon.com/images/I/61mCpfcuH9L.__AC_SX300_SY300_QL70_ML2_.jpg","Video Games › PC › Accessories › Gaming Mice",,,"$","14.99","https://www.amazon.com/dp/B0BVVTJFRH"
"UHURU Wireless Gaming Mouse Up to 10000 DPI, Rechargeable USB Wireless Mouse with 6 Buttons 7 Dynamic LED Color Ergonomic Programmable MMO RPG for PC Laptop, Compatible with Windows Mac","B071HVWD55","UHURU","4.4","11094","https://m.media-amazon.com/images/I/51+E-eoAKBL._AC_SY300_SX300_.jpg","Video Games › PC › Accessories › Gaming Mice",,,"$","25.99","https://www.amazon.com/dp/B071HVWD55"
"LOVEVOOK Laptop Backpack for Women, College School Backpack Student Bookbag, Teacher Work Bags Travel Backpack Purse, Business Computer Bag Commuter Nurse Bags, 15.6 Inch, Black","B09QRQHJ8V","LOVEVOOK","4.8","5012","https://m.media-amazon.com/images/I/713I+V3-5FL._AC_SY300_SX300_.jpg","Electronics › Computers & Accessories › Laptop Accessories › Bags, Cases & Sleeves › Backpacks",,,"$","32.99","https://www.amazon.com/dp/B09QRQHJ8V"
"The Man Who Lied to His Laptop: What We Can Learn About Ourselves from Our Machines","1617230049",,"4.5","57","https://m.media-amazon.com/images/I/41kx8Ui5UhL._SY445_SX342_.jpg","Books › Self-Help › Relationships",,,"$","16","https://www.amazon.com/dp/1617230049"
"100 Business Models to Become a Laptop Millionaire","B0CWD7X194",,,,"https://m.media-amazon.com/images/I/511+7IJDB2L._SY445_SX342_.jpg","Kindle Store › Kindle eBooks › Business & Money",,,,,"https://www.amazon.com/dp/B0CWD7X194"
"The Secret to Wholesaling Real Estate Virtually!: With Just a Laptop, a Phone and Internet","B0CFCSY31K",,"4.7","599","https://m.media-amazon.com/images/I/41Xiy30lnCL._SX342_SY445_.jpg","Books › Business & Money › Business Development & Entrepreneurship",,,"$","12.99","https://www.amazon.com/dp/B0CFCSY31K"
"Microsoft Office Home 2024 | Classic Apps: Word, Excel, PowerPoint | One-Time Purchase for 1 PC/MAC | Instant Download | Formerly Home & Student 2021 [PC/Mac Online Code]","B0DGVQMGBB","Microsoft","3.8","246","https://m.media-amazon.com/images/I/61phY52G-OL.__AC_SY445_SX342_QL70_ML2_.jpg","Software › Business & Office › Office Suites","For an individual who want classic Office apps installed on one PC or Mac for use at home or school. Office 2024 includes traditional desktop versions of Word, Excel, PowerPoint, OneNote, and Outlook.*Outlook only available in Office Home & Business 2024.",,"$","149.99","https://www.amazon.com/dp/B0DGVQMGBB"
"LODVIE Wireless Mouse for Laptop, 2400 DPI Wireless Computer Mouse with 6 Buttons,2.4G Ergonomic USB Cordless Mouse,18 Months Battery Life Mouse for Laptop PC Mac Computer Chromebook MacBook - Black","B09QG1PTKH","LODVIE","4.5","7610","https://m.media-amazon.com/images/I/51sm93PGdcL.__AC_SX300_SY300_QL70_ML2_.jpg","Video Games › PC › Accessories › Gaming Mice",,,"$","12.99","https://www.amazon.com/dp/B09QG1PTKH"
"Dungeons & Dragons Stickerology: Legendary Stickers of Monsters, Magical Items, and More: Stickers for Journals, Water Bottles, Laptops, Planners, and More","0593580753",,"4.5","28","https://m.media-amazon.com/images/I/51VWyWeScsL._SX342_SY445_.jpg","Books › Crafts, Hobbies & Home › Crafts & Hobbies",,,"$","10.1","https://www.amazon.com/dp/0593580753"
"SwissGear 1900 Scansmart TSA 17 Laptop Backpack, Navy Ballistic, 19-Inch","B09R37DNDB","SwissGear","4.6","25837","https://m.media-amazon.com/images/I/81QcwBo9GOL.__AC_SX300_SY300_QL70_ML2_.jpg","Electronics › Computers & Accessories › Laptop Accessories › Bags, Cases & Sleeves › Backpacks","The SwissGear 1900 ScanSmart Laptop Backpack is a highly functional backpack for taking your tech on the go. It features a padded, TSA-friendly SmartScan tech compartment that fits a 17” laptop and 10” tablet and lays flat through airport security, as well as built-in RFID scan blocking technology to keep your information secure. An impressive array of integrated organizers keep essential pens, keys, and other electronic accessories within reach. The Airflow back panel and ergonomically contoured suspension straps feature padding and mesh fabric for maximum comfort and reflective accents for improved nighttime visibility. Handle with ease thanks to reinforced grab handles and exterior compression straps. With elastic mesh water bottle pockets, exterior quick access pockets, and a pass-thru trolley sleeve for luggage compatibility, this bag is packed with convenient features that add delight to your daily carry. Plus, this backpack comes with a 10 year warranty against defects in materials and workmanship.",,"$","79.99","https://www.amazon.com/dp/B09R37DNDB"
"Laptops All-in-One For Dummies","0470464909",,"4.2","24","https://m.media-amazon.com/images/I/61cqXPbpohL._SX342_SY445_.jpg","Books › Computers & Technology › Hardware & DIY",,,"$","11.11","https://www.amazon.com/dp/0470464909"
"Troubleshooting & Fixing Common Problems in PCs & Laptops: A Quick illustrative Guide to Troubleshoot Repair, Upgrade, and Optimize your Computer System","B09NYSG4S1",,"3.7","6","https://m.media-amazon.com/images/I/41D0ZmXqFCL._SY445_SX342_.jpg","Books › Reference › Writing, Research & Publishing Guides",,,"$","10.55","https://www.amazon.com/dp/B09NYSG4S1"
"MATEIN 17 Inch Travel Laptop Backpack, Extra Large Business Backpack with USB Charging Port, Water-Resistant Computer Bag Daypack for Men Women Work Anti-Theft College Backpack, Grey","B07HMMM934","MATEIN","4.7","102186","https://m.media-amazon.com/images/I/816pHXXqe9L.__AC_SX300_SY300_QL70_ML2_.jpg","Electronics › Computers & Accessories › Laptop Accessories › Bags, Cases & Sleeves › Backpacks",,,"$","39.99","https://www.amazon.com/dp/B07HMMM934"
"NUBWO HW02 USB Headset with Microphone Noise Cancelling &in-line Control, Ultra Comfort Computer Headset for Laptop pc, On-Ear Wired Office Call Center Headset for Boom Skype Webinars（Black）","B094Q53RW6","NUBWO","4.2","2071","https://m.media-amazon.com/images/I/61P4XXUZHjS.__AC_SX300_SY300_QL70_ML2_.jpg","Electronics › Computers & Accessories › Computer Accessories & Peripherals › Audio & Video Accessories › Computer Headsets",,,"$","17.99","https://www.amazon.com/dp/B094Q53RW6"
"Logitech G203 Wired Gaming Mouse, 8,000 DPI, Rainbow Optical Effect LIGHTSYNC RGB, 6 Programmable Buttons, On-Board Memory, Screen Mapping, PC/Mac Computer and Laptop Compatible - Lilac","B082J7P19K","Logitech G","4.6","17497","https://m.media-amazon.com/images/I/61X6883m7wL.__AC_SX300_SY300_QL70_ML2_.jpg","Video Games › PC › Accessories › Gaming Mice","G203 LIGHTSYNC is ready to play with an 8, 000 DPI sensor and customizable, vibrant LIGHTSYNC RGB. LIGHTSYNC RGB can be customized with color wave effects or patterns across ~16. 8 million colors to suit your play style, setup, and mood. * A classic 6-button design gets you right into the game and can be programmed to simplify tasks. G203 is designed to maximize the fun in your game. * LIGHTSYNC RGB can be customized with color wave effects or patterns across ~16. 8 million colors to suit your play style, setup, and mood*.",,"$","27.44","https://www.amazon.com/dp/B082J7P19K"
"EKSA E1000 USB Gaming Headset for PC, Computer Headphones with Microphone/Mic Noise Cancelling, 7.1 Surround Sound, RGB Light - Wired Headphones for PS4, PS5 Console, Laptop, Call Center","B07XHGLSGF","EKSA","4.3","12112","https://m.media-amazon.com/images/I/716BxX5qbtL.__AC_SX300_SY300_QL70_ML2_.jpg","Video Games › PlayStation 4 › Accessories › Headsets",,,"$","35.99","https://www.amazon.com/dp/B07XHGLSGF"
"The Ultimate Gaming Laptop Buying Guide: Essential Reviews and Performance Insights to Help Beginners Choose the Ideal Gaming System","B0DRSY15M1",,,,"https://m.media-amazon.com/images/I/51DWYvQ306L._SY445_SX342_.jpg","Books › Computers & Technology › Hardware & DIY",,,,,"https://www.amazon.com/dp/B0DRSY15M1"
"Laptops For Seniors For Dummies, 5th Edition: [Large Print 16 pt]","0369301374",,"4.5","16","https://m.media-amazon.com/images/I/4191AfCdDaL._SY445_SX342_.jpg","Books › Computers & Technology",,,"$","30.99","https://www.amazon.com/dp/0369301374"
"MICROSOFT SURFACE LAPTOP 7, AND 6 USER GUIDE FOR BEGINNERS : Manual on How to Use 2024 Windows 11 Microsoft Surface Laptops, AI Features, for Seniors","B0DK4BKR6G",,,,"https://m.media-amazon.com/images/I/41QE+twdt+L._SY445_SX342_.jpg","Books › Computers & Technology › Hardware & DIY",,,,,"https://www.amazon.com/dp/B0DK4BKR6G"
"Laptop Symphony","B005OSFT90",,"4.1","40","https://m.media-amazon.com/images/I/51hVhtbSOhL._SY300_SX300_QL70_ML2_.jpg","CDs & Vinyl › Dance & Electronic › Electronica","Composer, musical technologist and legendary electronic dance music pioneer, BT, releases his anxiously anticipated new double-disc mix compilation, LAPTOP SYMPHONY. Named after his signature live, one-man, DJ type performances, the two-disc LAPTOP SYMPHONY includes never before released remixes by BT, some original BT productions and carefully hand-selected tracks chosen by BT.",,"$","18.99","https://www.amazon.com/dp/B005OSFT90"
"BENGOO Gaming Mouse Wired, Ergonomic Gamer Laptop PC Optical Computer Mice with RGB Backlit, 4 Adjustable DPI Up to 3600, 6 Programmable Buttons for Windows 7/8/10/XP Vista Linux -Black","B00Z9V0NKC","BENGOO","4.6","13049","https://m.media-amazon.com/images/I/61lCLrCtuhL.__AC_SX300_SY300_QL70_ML2_.jpg","Video Games › Legacy Systems › Sega Systems › Sega Dreamcast › Accessories",,,"$","9","https://www.amazon.com/dp/B00Z9V0NKC"
"BINNUNE Wireless Gaming Headset with Microphone for PC PS4 PS5, 2.4G Wireless Bluetooth USB Gamer Headphones with Mic for Laptop Computer","B096VRK6J5","BINNUNE","4.3","11340","https://m.media-amazon.com/images/I/71WoN3Vt-gL.__AC_SX300_SY300_QL70_ML2_.jpg","Video Games › PC › Accessories › Headsets",,,"$","29.99","https://www.amazon.com/dp/B096VRK6J5"
"Apple 2024 iMac All-in-One Desktop Computer with M4 chip with 8-core CPU and 8-core GPU: Built for Apple Intelligence, 24-inch Retina Display, 16GB Unified Memory, 256GB SSD Storage; Pink","B0DL6WLNRB","Apple","4.5","48","https://m.media-amazon.com/images/I/71najHfLEUL.__AC_SY445_SX342_QL70_ML2_.jpg","",,,"$","1194","https://www.amazon.com/dp/B0DL6WLNRB"
"HP 17.3"" Touchscreen Business & Student Laptop Computer, 64GB RAM 2TB SSD, AMD Ryzen 5, 1600 x 900 Display, Windows 11 Pro Laptop with Microsoft Office Lifetime Suite, PLUSERA Earphones, Silver","B0DS2SMT65","HP","4","19","https://m.media-amazon.com/images/I/71+Om4gDKVL._AC_SX300_SY300_.jpg","Electronics › Computers & Accessories › Computers & Tablets","This laptop is equipped with the powerful AMD Ryzen 5, along with generous RAM and Storage. Enjoy effortless multitasking on its 17.3"" HD touchscreen LED display with an integrated camera. This laptop is designed with additional features to cater to your specific needs. Numeric keypad. Camera privacy shutter. The extended battery life ensures you can stay focused for longer periods. Stay connected with ample ports for all your devices. Built to support your workflow, whether at home or on the go. Experience the enhanced security and performance of Windows 11 Pro, with fast boot times and responsive operations.",,"$","899.99","https://www.amazon.com/dp/B0DS2SMT65"
"USB Headset with Microphone for PC Laptop - Wired Computer Headphones with Noise Cancelling Microphone for Home Office Online Class Skype Zoom Meetings,in Line Mute Controls","B0C1NT9W9K","FEABASK","4.3","591","https://m.media-amazon.com/images/I/61iIPFHZ3yL.__AC_SX300_SY300_QL70_ML2_.jpg","Video Games › PC › Accessories › Headsets",,,"$","17.99","https://www.amazon.com/dp/B0C1NT9W9K"
"BAGSMART Protective Sleeve case Compatible with MacBook Pro 16 Inch,15.6 inch, HP,Dell,Acer Aspire,Asus Notebook,Laptop with Shoulder Strap,Pocket,Handle,Pink","B0BS9G1MQ3","BAGSMART","4.6","3950","https://m.media-amazon.com/images/I/816X97lnrdL.__AC_SX300_SY300_QL70_ML2_.jpg","Electronics › Computers & Accessories › Laptop Accessories › Bags, Cases & Sleeves › Sleeves",,,"$","19.99","https://www.amazon.com/dp/B0BS9G1MQ3"
"Morostron Laptop 16-inch 8GB DDR 256GB SSD Portable Laptop,Expandable to 1TB Pentium Quad-core CPU up to2.6 GHz 9000mAh Battery Mini HDMI Interface USB3.0 Interface Dual-Band WiFi Webcam Slim laptops","B0DK72MDZP","Morostron","5","12","https://m.media-amazon.com/images/I/71SWGBdy56L.__AC_SX300_SY300_QL70_ML2_.jpg","Electronics › Computers & Accessories › Computers & Tablets › Laptops › Traditional Laptops",,,"$","199.99","https://www.amazon.com/dp/B0DK72MDZP"
"HP 14 inch Laptop Student & Business, Intel Celeron N4120, 4 GB RAM, 64GB eMMC, 1 Year Office 365, Intel UHD Graphics, Thin & Portable, Ultra Light, Webcam, Windows 11 Pro","B0DN5XMP6P","HP","4.6","791","https://m.media-amazon.com/images/I/71gmuckSYzL.__AC_SY300_SX300_QL70_ML2_.jpg","Electronics › Computers & Accessories › Computers & Tablets › Laptops › Traditional Laptops","Statement: Original Seal is opened for upgrade ONLY. If the computer has modifications, then the manufacturer box is opened for it to be tested and inspected and to install the upgrades to achieve the specifications as advertised Specifications Brand: HP Screen Size: 14 inches Screen Resolution: 1366 x 768 (HD) Processor: Intel Celeron N4120 Processor Cores: 4-core (quad-core) Processor Speed: Up to 2.6GHz Graphics: Intel UHD Graphics 600 Graphics Type: Integrated System Memory (RAM): 4GB Type of Memory (RAM): DDR4 Storage: 64GB eMMCOperating System: Windows 11 Pro Wireless Connectivity: Bluetooth, Wi-Fi Wireless Networking: Wi-Fi 5 Ports & Slots: 1 x HDMI 2 x USB-A 3.0 1 x USB-C 3.0 1 x Headphone/Microphone Jack 1 x Media Card Reader Battery Life (up to): 11.5 hours. Up to 11 hours 30 minutes (video playback); up to 9 hours (wireless streaming) Front-Facing Camera: Yes Built-In Microphone: Yes HP Fast Charge: HP Fast Charge Technology charges your laptop from 0% to 50% in about 45 >minutes Dimension: 12.76 x 8.86 x 0.71 Weight: 3.16 pounds Manufacturer's Warranty: 1 year",,"$","239.99","https://www.amazon.com/dp/B0DN5XMP6P"
"HP Portable 14"" HD Laptop, Intel Quad-Core N4120, 16GB RAM, 64GB eMMC, 1 Year Office 365, Webcam, SD Card Reader, HDMI, Wi-Fi, Win 11 S, Thunderobot ML101 Wireless Mouse White Bundle","B0DFQCK4QB","HP","4.4","41","https://m.media-amazon.com/images/I/719Tfw5khsL.__AC_SX300_SY300_QL70_ML2_.jpg","Electronics › Computers & Accessories › Computers & Tablets","Key Features and Benefits:CPU: Intel Celeron N4120 Processor (4 Cores, 4 Threads, Base Frequency at 1.1GHz, Up to 2.6GHz at Max Turbo Frequency)Memory: Up to 16GB DDR4 RAMStorage: 64GB eMMCOperating System: Win 11 SGraphics: Intel UHD GraphicsDisplay: 14"" diagonal, HD (1366 x 768), micro-edge, BrightView, 220 nits, 45% NTSCPorts:1 x USB Type-C2 x USB 3.1 Type-A1 x HDMI1 x Headphone/Mic Combo1 x AC smart pin1 x SD Card ReaderWireless Connectivity: Wi-Fi Dimensions: 12.76'' x 8.86'' x 0.71''Weight: 3.24 lbsColor: WhiteMouse:Brand: ThunderobotStyle: DPI adjust buttonType: 2.4Ghz WirelessColor: WhiteProduct model: ML101",,"$","279","https://www.amazon.com/dp/B0DFQCK4QB"
"HP Laptop, 17.3"" HD+ Display, Touch Screen, 24GB RAM,2TB (1TB PCIe SSD+1TB Cloud Storage), Intel 4-Core Pentium 3.1GHz Processor, Microsoft Office 365, Windows 11 Home, Silver","B0DDQB2NZ3","HP",,,"https://m.media-amazon.com/images/I/71saq4YVr8L.__AC_SY300_SX300_QL70_ML2_.jpg","Electronics › Computers & Accessories › Computers & Tablets › Laptops › Traditional Laptops","Processor: Intel Pentium Silver N5030Graphics: IntegratedOperating system:Windows 11Memory: 24GB DDR4 SDRAMHard Drive: 1TB PCIe SSDDisplay: 17.3"" diagonal, HD+ (1600 x 900), Touch screen, BrightView, 250 nits, 60% NTSCKeyboard: US English, Full Size Keyboard with numeric keypadPorts:1 x USB 2.0(USB Type-C 5Gbps signaling rate)1 x USB 2.0(USB Type-C 5Gbps signaling rate)2 x USB Type-A Port (5Gbps signaling rate)2 x USB Type-A Port (5Gbps signaling rate)1 x Headphone / Mic Combo Jack1 x Headphone / Mic Combo Jack1 x HDMI1 x HDMIConnectivity: WiFi and BluetoothColor: SilverDimensions L x W x H (inches): 16.8 x 12.1 x 2.0 inchesWeight: 4 lbs",,"$","579","https://www.amazon.com/dp/B0DDQB2NZ3"
"Naukay Laptop Sleeve Case, 15.6 Inch,Resistant Neoprene Notebook Computer Pocket Case/Tablet Briefcase Carrying Bag Compatible Asus/Dell/Fujitsu/HP/Sony/Toshiba/Acer- (Black)","B07CZTYW3B","Naukay","4.6","10328","https://m.media-amazon.com/images/I/712rLKU03mL.__AC_SX300_SY300_QL70_ML2_.jpg","Electronics › Computers & Accessories › Laptop Accessories › Bags, Cases & Sleeves › Sleeves",,,"$","9.99","https://www.amazon.com/dp/B07CZTYW3B"
"MOSISO 360 Protective Laptop Shoulder Bag,15-15.6 inch Computer Bag Compatible with MacBook Pro 16, HP, Dell, Lenovo, Asus Notebook,Side Open Messenger Bag with 4 Zipper Pockets&Handle, Gray","B0BP7RLGDC","MOSISO","4.6","2362","https://m.media-amazon.com/images/I/81B-WIr4LGL.__AC_SX300_SY300_QL70_ML2_.jpg","Electronics › Computers & Accessories › Laptop Accessories › Bags, Cases & Sleeves › Messenger & Shoulder Bags",,,"$","32.99","https://www.amazon.com/dp/B0BP7RLGDC"
"15.6 inch Laptop Sleeve, Durable Computer Carrying Bag Protective Case Briefcase Handbag with Front Pocket, Slim Cover for 15-16 Inch HP, Dell, Lenovo, Asus, Notebook, Black","B0BJ99PVPH","AREYLO","4.6","1205","https://m.media-amazon.com/images/I/61Ni3p6EXxL.__AC_SY300_SX300_QL70_ML2_.jpg","Electronics › Computers & Accessories › Laptop Accessories › Bags, Cases & Sleeves › Sleeves",,,"$","11.98","https://www.amazon.com/dp/B0BJ99PVPH"
"The Laptop Millionaire: How Anyone Can Escape the 9 to 5 and Make Money Online","B0083AZ3YM",,"4.5","444","https://m.media-amazon.com/images/I/616RhG-hE2L._SY445_SX342_QL70_ML2_.jpg","Books › Business & Money › Business Development & Entrepreneurship › Entrepreneurship",,,,,"https://www.amazon.com/dp/B0083AZ3YM"
"Lenovo Laptop Expert Bible: Your Comprehensive Tech Companion (Tech Trends for beginners to expert Book 5)","B0DLBVL892",,,,"https://m.media-amazon.com/images/I/41mYIJpqvGL._SY445_SX342_.jpg","Books › Computers & Technology › Operating Systems",,,,,"https://www.amazon.com/dp/B0DLBVL892"
"Full HD 1080P Video Webcam and Wide Angle Camera with Built-in Microphone and Rotatable Tripod,for Laptop Computer or Desktop PC,Great for Live Streaming.Calls.Video Conferencing(Black)-1","B0DS3QBBBZ","Gohero","4.9","202","https://m.media-amazon.com/images/I/81OaP1sXqlL.__AC_SX300_SY300_QL70_ML2_.jpg","Electronics › Computers & Accessories › Computer Accessories & Peripherals › Audio & Video Accessories › Webcams & VoIP Equipment › Webcams",,,"$","49.99","https://www.amazon.com/dp/B0DS3QBBBZ"
"HP Newest 14"" Laptop for Student Business, with Office Lifetime License & Windows 11 Pro, Intel Dual-Core N4120, 16 GB RAM, 384 GB Storage(128 GB eMMC+256 GB MSD), Ultra Light, Webcam, Designed Mouse","B0DN1ZTN12","HP","4.4","351","https://m.media-amazon.com/images/I/81CwYq0QuZL.__AC_SY300_SX300_QL70_ML2_.jpg","Electronics › Computers & Accessories › Computers & Tablets","Statement: Original Seal is opened for upgrade ONLY. If the computer has modifications, then the manufacturer box is opened for it to be tested and inspected and to install the upgrades to achieve the specifications as advertisedSpecificationsBrand: HPScreen Size: 14 inchesScreen Resolution: 1366 x 768 (HD)Processor: Intel Celeron N4120Processor Cores: 4-core (quad-core)Processor Speed: Up to 2.6GHzGraphics: Intel UHD Graphics 600Graphics Type: IntegratedSystem Memory (RAM): 16GBType of Memory (RAM): DDR4Storage: 128GB eMMC plus 256GB Micro SD cardOperating System: Windows 11 ProWireless Connectivity: Bluetooth, Wi-FiWireless Networking: Wi-Fi 5Ports & Slots:1 x HDMI 1.42 x USB-A 3.01 x USB-C 3.01 x Headphone/Microphone Jack1 x microSD SlotBattery Life (up to): 11.5 hours. Up to 11 hours 30 minutes (video playback); up to 9 hours (wireless streaming)Front-Facing Camera: TrueBuilt-In Microphone: True. Dual array microphonesHP Fast Charge: HP Fast Charge Technology charges your laptop from 0% to 50% in about 45 >minutesDimension: 12.76 x 8.86 x 0.71Weight: 3.24 poundsManufacturer's Warranty: 1 year",,"$","349.99","https://www.amazon.com/dp/B0DN1ZTN12"
"Lenovo IdeaPad Laptop, 15.6"" FHD Business and Student Laptop Computer, Windows 11 Home Laptop 40GB RAM 1TB SSD, Inter core i5-1235U Processor, 1-Year Microsoft Office 365, NLY Earphones, Cloud Grey","B0D9RSY83G","Lenovo",,,"https://m.media-amazon.com/images/I/619t6AhORhL.__AC_SY300_SX300_QL70_ML2_.jpg","Electronics › Computers & Accessories › Computers & Tablets","This laptop packs in the reliable processing power of Inter core i5-1235U processor, plus ample RAM and Storage. Chat with ease knowing you have a 15.6"" FHD LED display with a camera. This laptop offers additional features tailored to meet your needs. Numeric keypad. Camera privacy shutter. The long-lasting battery life helps you stay in the zone longer. Stay in your flow with plenty of ports to connect your devices. This PC is built to keep you in your flow, wherever that might be. Windows 11 Home is the most secure Windows ever built, with fast boot times and increased responsiveness. Microsoft Office 365 is activated on this PC.",,"$","589.99","https://www.amazon.com/dp/B0D9RSY83G"
"Dell Precision 7000 7670 Mobile Workstation (NVIDIA RTX A2000 8GB GPU, 16"" FHD+, Intel 16-Core i9-12950HX, 64GB DDR5, 2TB SSD), Laptop for Business, Designer, Architect, Win 11 Pro, 3-YR WRT, Grey","B0CZRZSGNZ","Dell","4.7","4","https://m.media-amazon.com/images/I/713TW+vNo+L._AC_SX300_SY300_.jpg","Electronics › Computers & Accessories › Computers & Tablets › Laptops › Traditional Laptops","The 16"" Precision 7670 Mobile Workstation from Dell is a powerful system designed around performance requirements. It is powered by a 12th Gen Intel Core i9-12950HX 16-Core processor and 4800 MHz DDR5 memory. The 16"" 1920 x 1200 anti-glare display and dedicated NVIDIA A2000 graphics card ensure smooth on-screen action, while a 1080p IR webcam, dual 2W tweeters, dual 2W woofers, and dual mics allow for easy video-conferencing. Stay safe with a TPM, a wedge-shaped lock slot, webcam privacy shutter, and fingerprint reader.Technical SpecificationsProcessor: Intel Core i9-12950HX vPro Processor (E-Core Max 3.60 GHz, P-Core Max 5.00 GHz with Turbo Boost, 16 Cores, 24 Threads, 30MB Cache)Display: 16"" FHD+ (1920 x 1200) 16:10, Anti-Glare, 250 nits, 45% NTSC, wide-viewing angle DisplayGraphics: Dedicated NVIDIA RTX A2000 8GB GDDR6 Graphics Memory: 64GB DDR5 4800MHz CAMM RAMStorage: 2TB PCIe NVMe M.2 SSDNetworking: Intel Wi-Fi 6E 802.11ax + Bluetooth 5.2Operating System: Windows 11 Pro 64-bitBattery: 6-Cell 83Wh Battery, 180W AC Power AdapterCamera: FHD Webcam with Privacy ShutterSecurity: TPM, Fingerprint Reader, Facial RecognitionKeyboard: Backlit, EnglishDimensions: 14.02 x 10.18 x 0.98 inchesWeight: 5.75 lbsI/O Ports2 x Thunderbolt 42 x Thunderbolt 4USB 3.2 Gen 2 Type-CUSB 3.2 Gen 2 Type-C2 x USB 3.2 Gen 1 Type-A2 x USB 3.2 Gen 1 Type-AHDMI 2.1HDMI 2.1Ethernet Port (RJ-45)Ethernet Port (RJ-45)SmartCard ReaderSmartCard ReaderSD Card SlotSD Card SlotNano SIM-card slotNano SIM-card slotHeadphone/microphone combo jackHeadphone/microphone combo jack",,"$","2199.99","https://www.amazon.com/dp/B0CZRZSGNZ"
"HP 17t Laptop, 17.3"" HD+ Touchscreen, Intel Core i5-1135G7, 32GB RAM, 1TB SSD, Webcam, HDMI, Backlit KB, Wi-Fi 6, Windows 11 Home, Silver","B0B4Y6V2DB","HP","4.5","86","https://m.media-amazon.com/images/I/71qAiOwiTjL.__AC_SX300_SY300_QL70_ML2_.jpg","Electronics › Computers & Accessories › Computers & Tablets › Laptops › Traditional Laptops",,,"$","669","https://www.amazon.com/dp/B0B4Y6V2DB"
"Lenovo V15 Laptop, 15.6"" FHD Display, AMD Ryzen 5 5500U Hexa-core Processor (Beat Intel i7-1065G7), 16GB RAM, 512GB SSD, HDMI, RJ45, Numeric Keypad, Wi-Fi, Windows 11 Pro, Black","B0CK9JSM3G","Lenovo","4.4","542","https://m.media-amazon.com/images/I/71dryUdTUdL.__AC_SX300_SY300_QL70_ML2_.jpg","Electronics › Computers & Accessories › Computers & Tablets › Laptops › Traditional Laptops",,,"$","489","https://www.amazon.com/dp/B0CK9JSM3G"
"ASUS TUF Gaming A15 Gaming Laptop, 15.6” FHD 144Hz, 100% sRGB Display, GeForce RTX 4050, AMD Ryzen 7 7435HS, 16GB DDR5, 512GB PCIe SSD, Wi-Fi 6, Windows 11, FA507NUR-AS73","B0DBXP6YNK","ASUS","4.2","70","https://m.media-amazon.com/images/I/51pV5pxZsmL.__AC_SX300_SY300_QL70_ML2_.jpg","Electronics › Computers & Accessories › Computers & Tablets › Laptops › Traditional Laptops","The ASUS TUF Gaming A15 is a powerful gaming laptop designed to deliver high performance and reliability. With a Windows 11 operating system, an AMD Ryzen 7435HS CPU, and an NVIDIA GeForce RTX 4050 Series Laptop GPU, it is ready for anything. The 16GB DDR5-4800MHz memory and 512GB PCIe 4.0 storage makes multitasking faster and speeds up loading times. Its FHD 144Hz display with 100% sRGB color and Adaptive Sync tech provides ultra-smooth and lifelike gameplay. The TUF is equipped with a pair of 84-blade Arc Flow Fans™ to improve cooling performance without extra noise. The MUX Switch with Advanced Optimus technology allows for automatic switching between the iGPU and dGPU based on the task, optimizing battery life. The laptop has undergone rigorous MIL-STD-810H tests to ensure reliability, making it military-grade tough.",,"$","991.42","https://www.amazon.com/dp/B0DBXP6YNK"
"ASUS Chromebook CX1, 14"" FHD, Intel® Celeron N4500 Processor, 64GB Storage, 4GB RAM, ChromeOS, Transparent Silver, CX1400CKA-AS44F","B0CRTJ1LZ4","ASUS","4.1","542","https://m.media-amazon.com/images/I/71oYSGF0gVS.__AC_SX300_SY300_QL70_ML2_.jpg","Electronics › Computers & Accessories › Computers & Tablets › Laptops › Traditional Laptops","ASUS Chromebook CX1400 is made for boosting productivity and having more fun while on the move — all day, every day. This lightweight, ultraportable device is powered by Intel processor and gives you the freedom of long battery life with an updated high-capacity battery. The slim-bezel design fits more screen into the compact chassis for easy multitasking and incredibly immersive entertainment, and the device is your gateway to the best of Google, including the rich library of apps for work or play on the Google Play Store. With speedy performance, robust security and intuitive features, ASUS Chromebook CX1 is ideal for anyone on the go!",,"$","155.59","https://www.amazon.com/dp/B0CRTJ1LZ4"
"HP 14 inch Laptop, FHD Display, 13th Generation Intel Core i7-1355U, 16 GB RAM, 512 GB SSD, Intel Iris Xe Graphics, Windows 11 Home, 14-ep0199nr (2024)","B0CVM9WLCW","HP","3.9","67","https://m.media-amazon.com/images/I/71Slm1rHQTL.__AC_SX300_SY300_QL70_ML2_.jpg","Electronics › Computers & Accessories › Computers & Tablets › Laptops › Traditional Laptops","Get real power with the HP 14 inch Laptop PC. Take on your day and go beyond just raw processor speed with the reliable processing power of an Intel Core processor. Long-lasting battery life & HP Fast Charge help you stay in the zone longer. With ample storage space and speedy connections, this laptop has everything you need to be unstoppable all day, every day. Get lost in a remarkable entertainment experience as the display delivers boosted definition and crisp quality. With an 84% screen-to-body ratio, you'll always have a great view of your favorite content. Stay in your flow with plenty of ports to connect your devices. Chat with ease knowing you have Full HD resolution with a camera shutter you can close when not in use, keeping you safe online. Get every point across with dual array digital microphones and advanced noise reduction software. HP is on a mission to drive progress toward a more sustainable future. This reliable PC is thoughtfully designed; EPEAT Gold Registered and ENERGY STAR Certified. Containing ocean-bound and post-consumer recycled plastics there is no need to compromise your productivity, your wallet, or caring attitude. The HP 14 inch Laptop comes with a 45 W Smart AC power adapter and goes from 0 to 50% charge in 45 minutes.HP is here to help. This HP computer comes with 1-year limited hardware warranty and 90-days limited technical support for software and initial setup with 24-hour, 7 days a week web support when shipped from and sold by Amazon.com.",,"$","638.99","https://www.amazon.com/dp/B0CVM9WLCW"
"HP 17 Business Laptop, 17.3” HD+ Display, 11th Gen Intel Core i3-1125G4 Processor, 32GB RAM, 1TB SSD, Wi-Fi, HDMI, Webcam, Windows 11 Pro, Silver","B0C6NC4KRT","HP","4.2","1820","https://m.media-amazon.com/images/I/61TGRBGTNzL.__AC_SX300_SY300_QL70_ML2_.jpg","Electronics › Computers & Accessories › Computers & Tablets › Laptops › Traditional Laptops",,,"$","549","https://www.amazon.com/dp/B0C6NC4KRT"
"Apple 2024 MacBook Air 13-inch Laptop with M3 chip: 8GB Memory, 256GB Storage; Starlight with AppleCare+ (3 Years)","B0CX3QWQFK","Apple","4.8","8","https://m.media-amazon.com/images/I/61IU99MrvIL.__AC_SY445_SX342_QL70_ML2_.jpg","",,,"$","1258","https://www.amazon.com/dp/B0CX3QWQFK"
"ASUS Vivobook S 14 OLED Laptop, AMD Ryzen AI 9, 24GB, 1TB SSD, Cool Silver, M5406WA-AH94","B0CX1GF3RF","ASUS","3.9","60","https://m.media-amazon.com/images/I/61tsMYfb38L.__AC_SX300_SY300_QL70_ML2_.jpg","Electronics › Computers & Accessories › Computers & Tablets › Laptops › Traditional Laptops","The ASUS Vivobook S 14 transforms your laptop experience with cutting-edge technology and a sleek minimalist design. Powered by the AMD Ryzen 9 processor, it delivers top-notch performance with up to 45+ TOPS NPU, enhancing your productivity to the next level and unlocking brand new AI experiences. The dedicated Copilot key provides instant one-touch access to AI capabilities. With a slim profile, weighing 2.87 lbs, and up to a 75 Wh battery life, it’s designed for on-the-go convenience. The laptop boasts a stunning up to 3K ASUS Lumina OLED display, an ergonomic keyboard with RGB backlighting, an extra-large touchpad, and an ASUS AiSense camera. It’s your perfect companion for modern life.",,"$","1199.99","https://www.amazon.com/dp/B0CX1GF3RF"
"LG gram Pro 17-Inch Thin and Lightweight Laptop Intel Evo Edition - AI-enabled Intel Core Ultra 7 processor Windows 11 Home 32GB RAM 2TB SSD - Black","B0CTD34L7W","LG","4.3","68","https://m.media-amazon.com/images/I/71eLsCpIkeL.__AC_SX300_SY300_QL70_ML2_.jpg","Electronics › Computers & Accessories › Computers & Tablets › Laptops › Traditional Laptops","LG gram Pro 17-inch Thin and Lightweight Laptop, Intel Evo Edition - Intel Core Ultra 7, 32GB RAM, 2TB SSD. ¹Passed 7 different MIL-STD 810H Tests for durability conducted by an independent laboratory that conforms to U.S. military standards (November-December 2023). Compliant with the following methods for MIL-STD-810H: Method 500.6 Low Pressure (Altitude) (Procedure I – Storage and Procedure II - Operation); Method 501.7 High Temperature (Procedure I – Storage and Procedure II - Operation); Method 502.7 Low Temperature (Procedure I – Storage and Procedure II - Operation); Method 514.8 – Vibration (Procedure I). Device may not perform as tested in all conditions. Test performed in a controlled environment. Do not attempt. ²Intel, the Intel logo, and Intel Core are trademarks of Intel Corporation or its subsidiaries. ³LG gram Link app installation required. Visit Support on LG.com to download. ⁴Thunderbolt cable not included. ⁵Dolby, Dolby Atmos and the double-D symbol are registered trademarks of Dolby Laboratories.",,"$","1725","https://www.amazon.com/dp/B0CTD34L7W"
"HP 17.3"" FHD IPS LED Business Student Laptop Computer, Intel Core i3, Windows 11 Pro Laptop with Microsoft Office Lifetime License, PLUSERA Earphones, Silver (Core i3, 32GB RAM | 1TB SSD)","B0DH8NTTQX","HP","4.1","53","https://m.media-amazon.com/images/I/61ZoKJDVofL.__AC_SY300_SX300_QL70_ML2_.jpg","Electronics › Computers & Accessories › Computers & Tablets","This laptop is equipped with the powerful Intel Core i3-1215U processor, along with generous RAM and Storage. Enjoy effortless multitasking on its 17.3"" FHD IPS LED display with an integrated camera. This laptop is designed with additional features to cater to your specific needs. Numeric keypad. Camera privacy shutter. The extended battery life ensures you can stay focused for longer periods. Stay connected with ample ports for all your devices. Built to support your workflow, whether at home or on the go. Experience the enhanced security and performance of Windows 11 Pro, with fast boot times and responsive operations.",,"$","689.99","https://www.amazon.com/dp/B0DH8NTTQX"
"ASUS 2024 Vivobook Go 11.6” HD Laptop, Intel Dual Core N4500, Intel Graphics, 4GB, 128GB, Windows 11 Home in S Mode, Star Black, L210KA-ES04","B0CRDDWTX3","ASUS","4.1","759","https://m.media-amazon.com/images/I/51xxONbwsvL.__AC_SX300_SY300_QL70_ML2_.jpg","Electronics › Computers & Accessories › Computers & Tablets › Laptops › Traditional Laptops","The ASUS Vivobook Go 12 is designed for on-the-go productivity and performance. This compact and lightweight 11.6 inch laptop is powered by the latest Intel® Celeron® processor and Intel® Graphics. Experience full security and performance with eMMC storage and Windows 11 Home in S mode.",,"$","194.88","https://www.amazon.com/dp/B0CRDDWTX3"
"Dell Inspiron 15 15.6"" Business Laptop (FHD Touchscreen, AMD Ryzen 5 7530U, 32GB RAM, 1TB SSD, (6-Core Beat i7-1165G7)) Numeric Keypad, Webcam, IST HUB & Pen, Inspiron 3000 3535, Win 11 Pro, Black","B0CLV3L11D","Dell","4.2","48","https://m.media-amazon.com/images/I/61Q7jRFT1jL.__AC_SX300_SY300_QL70_ML2_.jpg","Electronics › Computers & Accessories › Computers & Tablets › Laptops › Traditional Laptops","Adapt to Any SituationAdaptive thermals keep your PC running efficiently, whether at your desk or working from your lap. Your Inspiron 15 intelligently adjusts its power and thermals to keep running smoothly, using advanced algorithms and accelerometers.Stay Connected To What You LoveEnjoy quality video chats with a built-in HD webcam that keeps you looking your best.Dell ComfortViewEasily spend more screen time on the things you enjoy with Dell ComfortView software, which is software solution that helps reduce harmful blue light emissions to keep your eyes comfortable over extended viewing times, like your next movie marathon.Technical SpecificationsProcessor: AMD Hexa-Core Ryzen 5 7530U (Base Clock 2.0GHz, Max Boost Clock Up to 4.5GHz, 16MB Smart Cache, 12 Threads)Display: 15.6"" Full HD (1920x1080), 60Hz, Anti-Glare, Touch DisplayGraphics: Integrated AMD Radeon GraphicsMemory: 32GB DDR4 RAMStorage: 1TB PCIe NVMe M.2 SSDNetworking: Wi-Fi 5 + BluetoothOperating System: Windows 11 Pro 64-bitBattery: 3 Cell, integratedCamera: 720p WebcamKeyboard: English US non-backlit keyboardDimensions: 14.11 x 9.25 x 0.75 inchesWeight: 3.59 lbsI/O PortsUSB-C 3.2, USB-A 3.2USB-A 2.0HDMI 1.4 portHeadphone / microphone combo jackSD Card Reader",,"$","599.98","https://www.amazon.com/dp/B0CLV3L11D"
"Apple 2023 MacBook Air Laptop with M2 chip: 15.3-inch Liquid Retina Display, 16GB Unified Memory, 256GB SSD Storage, 1080p FaceTime HD Camera, Touch ID. Works with iPhone/iPad; Midnight","B0CDJL36W4","Apple","4.8","2252","https://m.media-amazon.com/images/I/81EHBhjC-+L._AC_SX342_SY445_.jpg","",,,"$","1499","https://www.amazon.com/dp/B0CDJL36W4"
"Apple 2024 MacBook Air 15-inch Laptop with M3 chip: 16GB Memory, 512GB Storage; Starlight with AppleCare+ (3 Years)","B0CX3QZP5P","Apple","4.8","566","https://m.media-amazon.com/images/I/61IU99MrvIL.__AC_SY445_SX342_QL70_ML2_.jpg","",,,"$","1528","https://www.amazon.com/dp/B0CX3QZP5P"
"Apple 2022 MacBook Air Laptop with M2 chip: 13.6-inch Liquid Retina Display, 8GB RAM, 512GB SSD Storage; Space Gray with AppleCare+ (3 Years)","B0B8GHHD2P","Apple","4.6","829","https://m.media-amazon.com/images/I/61F9kYStrCL.__AC_SY445_SX342_QL70_ML2_.jpg","",,,"$","1128","https://www.amazon.com/dp/B0B8GHHD2P"
"Apple 2024 MacBook Air 13-inch Laptop with M3 chip: 16GB Memory, 512GB Storage; Space Gray with AppleCare+ (3 Years)","B0CX3M5MSG","Apple","4.6","674","https://m.media-amazon.com/images/I/61j4RS-95NL.__AC_SY445_SX342_QL70_ML2_.jpg","",,,"$","1298","https://www.amazon.com/dp/B0CX3M5MSG"
"ASUS ExpertBook P5 Copilot+ PC AI Laptop, Intel® Core™ 7 Processor 258V, 32GB RAM, 1TB SSD, WiFi 6E, Windows 11 Home, Misty Grey, P5405CSA-DH76","B0DJG41VW7","ASUS","5","3","https://m.media-amazon.com/images/I/71E5NF8qCRL.__AC_SX300_SY300_QL70_ML2_.jpg","Electronics › Computers & Accessories › Computers & Tablets › Laptops › Traditional Laptops","Say hello to ASUS ExpertBook P5 — a revolutionary leap in AI PC for work. Engineered for the future of productivity, ExpertBook P5 harnesses the power of Intel® Core™ Ultra processors (series 2). This AI powerhouse delivers exceptional efficiency, empowering you to conquer your workloads with ASUS AI applications. Starting at feather-light 2.84 lbs and wrapped in a military-grade durable, premium aluminum chassis, ExpertBook P5 boasts a stunning slim-bezel 2.5K 144 Hz anti-glare display for exceptional clarity and business-grade security and service, making the ExpertBook P5 the ultimate tool for anyone seeking peak performance and seamless work experiences, anywhere.",,"$","1099.99","https://www.amazon.com/dp/B0DJG41VW7"
"ASUS ROG Strix G16 (2024) Gaming Laptop, 16” 16:10 FHD 165Hz Display, NVIDIA® GeForce RTX™ 4060, Intel Core i7-13650HX, 16GB DDR5, 1TB PCIe Gen4 SSD, Wi-Fi 6E, Windows 11, G614JV-AS74","B0CRDCXRK2","ASUS","4.4","1588","https://m.media-amazon.com/images/I/81GrCeuCzxL.__AC_SY300_SX300_QL70_ML2_.jpg","Electronics › Computers & Accessories › Computers & Tablets › Laptops › Traditional Laptops","Raise your game and carry your squad with the new ROG Strix G16, a powerful gaming laptop that features Windows 11, a 13th Gen Intel Core processor, and an NVIDIA® GeForce RTX™ 40 Series Laptop GPU. With DDR5-4800MHz memory and PCIe Gen4 SSD, this laptop is designed to provide lightning-fast performance and minimize loading times. The ROG Intelligent Cooling system with upgraded liquid metal on the CPU and Tri-Fan Technology, ensures that the laptop can handle the power it can deliver. The FHD Display guarantees a premium visual experience, and the MUX Switch with Advanced Optimus optimizes both gaming performance and battery life. The laptop's design is inspired by cyberpunk aesthetics and graffiti accents, and features unique elements such as a dot matrix design on the lid and cross-hatched vents.",,"$","1331.3","https://www.amazon.com/dp/B0CRDCXRK2"
"jumper Laptop, 12GB RAM 640GB ROM, 5305U Processor, 15.6 Inch Computer with Office 365 1-Year Subscription, FHD IPS Screen, 38Wh Battery, 2 Stereo Speakers, USB3.0 * 2, Type-C, WiFi-5.","B0DHKJZZNV","jumper","4.4","73","https://m.media-amazon.com/images/I/81iUe9ycD9L.__AC_SX300_SY300_QL70_ML2_.jpg","Electronics › Computers & Accessories › Computers & Tablets › Laptops › Traditional Laptops",,,"$","1199.99","https://www.amazon.com/dp/B0DHKJZZNV"
"ASUS 2021 ROG Strix G17 17.3"" FHD 144Hz Gaming Laptop, AMD Ryzen 7-4800H, 64GB RAM, 2TB PCIe SSD, Backlit Keyboard, NVIDIA GeForce RTX 3060 Graphics, Windows 10, Gray, 32GB USB SnowBell Card","B09LTFBXBJ","ASUS","4.4","377","https://m.media-amazon.com/images/I/81jt9aaKs4L.__AC_SX300_SY300_QL70_ML2_.jpg","Electronics › Computers & Accessories › Computers & Tablets › Laptops › Traditional Laptops","ASUS ROG Strix G17 17.3"" QHD 240Hz Gaming Laptop",,"$","1249","https://www.amazon.com/dp/B09LTFBXBJ"
"Lenovo V15 Gen 4 Business Laptop, 15.6"" FHD Display, Intel Core i5-13420H (Beat i7-1355U), 16GB RAM, 512GB SSD, HDMI, RJ45, Webcam, Numeric Keypad, Wi-Fi, Windows 11 Pro, Black","B0D1YQJKY2","Lenovo","4.4","27","https://m.media-amazon.com/images/I/71N9tTF6pML.__AC_SX300_SY300_QL70_ML2_.jpg","Electronics › Computers & Accessories › Computers & Tablets › Laptops › Traditional Laptops",,,"$","499","https://www.amazon.com/dp/B0D1YQJKY2"
"ASUS TUF 15.6 i7 RTX 4070 Premium Gaming Laptop, 15.6"" FHD 1920 * 1080 144Hz, Intel i7-13620H (Beats Intel i9-12900), NVIDIA GeForce RTX 4070, 32GB DDR5, 1TB SSD, RGB Backlit Keyboard, Windows 11 Pro","B0D43Z6GQK","ASUS","4.3","49","https://m.media-amazon.com/images/I/71Fp3nnXI2L.__AC_SX300_SY300_QL70_ML2_.jpg","Electronics › Computers & Accessories › Computers & Tablets › Laptops › Traditional Laptops","Key Features and Benefits:CPU: intel Core i7-13620H Processor (10 Cores, 16 Threads, 24MB L3 Cache, Base Frequency at 1.8 GHz, Up to 4.9 GHz at Max Turbo Frequency)Memory: Up to 64GB RAMHard Drive: Up to 4TB PCIe Solid State DriveOperating System: Windows 11 ProGraphics: NVIDIA GeForce RTX 4070(8GB)Display: 15.6"" FHD 1920*1080, 144HzPorts:1 x Kensingtone Lock2 x UsB 3.2 Gen1 Type-A1 x USB 3.2 Gen2 Type-C with Power Delivery and Dp 1.41 x Thunderbolt 4 with Dp 1.41 x HDMI 2.11 x RJ451 x Audio Combo jack1 x PowerOptical Drive: NoneKeyboard and Mouse: RGB Backlit Keyboard(Fn+F2&F3)Wireless Connectivity: Wi-Fi and BluetoothDimensions: 13.97 x 9.92 x 0.89 inchesWeight: 4.85 lbsColor: Grey",,"$","1269","https://www.amazon.com/dp/B0D43Z6GQK"
"Lenovo New V15 Laptop · 32GB RAM · 1TB SSD · Intel Celeron N4500 Processor · Intel UHD Graphics · 15.6"" FHD 1080p Anti-Glare Display · Ethernet RJ-45 · Windows 11 Pro · WOWPC Recovery USB","B0DKB17VTZ","Lenovo","3.9","314","https://m.media-amazon.com/images/I/71H4TjJpP1L.__AC_SX300_SY300_QL70_ML2_.jpg","Electronics › Computers & Accessories › Computers & Tablets › Laptops › Traditional Laptops","TÜV Rheinland Low Blue Light Certified Processor: Intel Celeron N4500 (Processor) Number of Physical Cores: 2 Core, 2 Thread (Processor) Base Speed 1.1 GHz (Processor) Turbo Speed: Up to 2.8 GHz (Processor) Cache: 4MB Graphics: Integrated Intel UHD Graphics Operating system: Windows 11 Pro 64-bit Memory: Up to 32GB DDR4 SDRAM Hard Drive: Up to 2TB SSD M.2 PCIe NVMe Display: 15.6"" diagonal, FHD (1920x1080) TN 250 nits Anti-glare Connectivity: Wi-Fi 5, 802.11ac 2x2 + BT 5.1 Ports: 1 x USB-C 3.2 Gen 1 (support data transfer only); 1 x USB-A 3.2 Gen 1; 1 x USB-A 2.0; 1 x HDMI 1.4b; 1 x Ethernet (RJ-45) ;1 x Headphone / microphone combo jack (3.5mm); 1 x Power connector (Charger Port) Built-in Speakers: Stereo speakers, 1.5W x2, Dolby Audio Audio Chip: High Definition (HD) Audio Keyboard: Full size keyboard with numeric keypad, US English Built-in HD Webcam: HD 720p with Privacy Shutter Color: Black Dimensions L x W x H (inches): 14.14 x 9.28 x 0.78 Inches Weight: Starting at 3.75 lbs",,"$","399.99","https://www.amazon.com/dp/B0DKB17VTZ"
"Lenovo IdeaPad Slim 3i, 15.6” FHD Display, Intel Core i5-1335U, 16GB RAM, 512GB SSD, 1920x1080 px, Fingerprint Reader, Windows 11 Home, Arctic Grey","B0CXB7L9CH","Lenovo","4.4","37","https://m.media-amazon.com/images/I/71OJ8m9zQXL.__AC_SX300_SY300_QL70_ML2_.jpg","Electronics › Computers & Accessories › Computers & Tablets › Laptops › Traditional Laptops","The Lenovo IdeaPad Slim 3i is a sleek and powerful laptop designed for peak performance. Equipped with an Intel Core i5 processor, 16GB of memory, and 512GB of storage, this laptop delivers lightning-fast speed and ample storage. The 15.6"" FHD IPS display offers vibrant visuals, while versatile ports ensure seamless connectivity. Additionally, advanced security features like a fingerprint reader and camera shutter prioritize your privacy. Slim and lightweight, this laptop is perfect for on-the-go use without compromising on performance.",,"$","489.99","https://www.amazon.com/dp/B0CXB7L9CH"
"ASUS TUF 15.6 i7 RTX 4070 Gaming Laptop, 15.6"" FHD 144Hz Display, Intel Core i7-13620H (Beats Intel i9-12900), NVIDIA GeForce RTX 4070, 64GB DDR5 RAM, 2TB SSD, RGB Backlit KB, Windows 11 Home","B0D85DT39M","ASUS","4.5","21","https://m.media-amazon.com/images/I/61C0Zq8g0iL.__AC_SX300_SY300_QL70_ML2_.jpg","Electronics › Computers & Accessories › Computers & Tablets › Laptops › Traditional Laptops","Key Features and Benefits:CPU: intel Core i7-13620H Processor (10 Cores, 16 Threads, 24MB L3 Cache, Base Frequency at 1.8 GHz, Up to 4.9 GHz at Max Turbo Frequency)Memory: Up to 64GB RAMHard Drive: Up to 8TB PCIe Solid State DriveOperating System: Windows 11 HomeGraphics: NVIDIA GeForce RTX 4070(8GB)Display: 15.6"" FHD 1920*1080, 144HzPorts:1 x Kensingtone Lock2 x UsB 3.2 Gen1 Type-A1 x USB 3.2 Gen2 Type-C with Power Delivery and Dp 1.41 x Thunderbolt 4 with Dp 1.41 x HDMI 2.11 x RJ451 x Audio Combo jack1 x PowerOptical Drive: NoneKeyboard and Mouse: RGB Backlit Keyboard(Fn+F2&F3)Wireless Connectivity: Wi-Fi and BluetoothDimensions: 13.97 x 9.92 x 0.89 inchesWeight: 4.85 lbsColor: Grey",,"$","1369","https://www.amazon.com/dp/B0D85DT39M"
"ASUS Zenbook 14 OLED 2024 Business Laptop 14"" WUXGA Touchscreen 16-Core Intel Ultra 7155H 16GB LPDDR5 1TB SSD Intel ARC Graphics Thunderbolt 4 Wi-Fi 6E Backlit Keyboard Win11 Home w/ONT 32GB USB","B0D25TXLLV","ASUS","4.9","14","https://m.media-amazon.com/images/I/51okgnHrVkL.__AC_SY300_SX300_QL70_ML2_.jpg","Electronics › Computers & Accessories › Computers & Tablets › Laptops › Traditional Laptops","Disclaimer: We specialize in computers with customized configurations. The factory box may be opened to install the upgrades to achieve the specifications as advertised. The modified product is professionally tested and resealed.PC Series: ASUS Zenbook 14 OLED LaptopDisplay: 14"" WUXGA (1920 x 1200) Touchscreen 500 nits, 100% DCI-P3 color gamut, 16:10 aspect ratio, 60Hz, Thin Bezel LCDProcessor: Intel Core Ultra 7 processor 155H 16-Core (Base Clock 2.5GHz, Up to 4.8GHz with Intel Turbo Boost Technology, 24 MB Intel Smart cache, 16 cores, 6 Performance-Cores, 10 Efficient-Cores, 22 threads)Graphics: Intel ARC Graphics Memory: Upgraded to 16GB LPDDR5 7467 MHz SDRAMStorage: Upgraded to 1TB NVMe M.2 SSDKeyboard: Backlit KeyboardCommunications: Intel Wi-Fi 6E AX211 (2x2) and Bluetooth 5.3Camera: 1080p FHD Camera with Privacy ShutterAudio: Sound by harman kardonOperating system:  Windows 11 HomePorts & Slots: 2x USB Thunderbolt 4 / USB4 40Gbps Type-C support Data Transfer / Power Delivery / DisplayPort through USB Type-C, 1x USB 3.2 Gen 1 Type-A, 1x HDMI v2.1, 1x Headphone/Microphone Combo Jack, 1x USB-C Power JackBattery: 4 Cell 75Wh, (Up to 12hours non-gaming battery life).Size and Weight: 12.30 x 8.67 x 0.59 inches, 2.82 lbsColor: Jasper Grey65W AC Adapter, Free ONT 32GB USB Drive included",,"$","836.19","https://www.amazon.com/dp/B0D25TXLLV"
